<?xml version="1.0" encoding="utf-8"?>

<Defs>
  <IncidentDef>
    <defName>FlareRaid</defName>
    <label>solar flare raid</label>
    <targetTags>
      <li>Map_PlayerHome</li>
    </targetTags>
    <workerClass>NightVision.SolarRaid_IncidentWorker</workerClass>
    <baseChance>0.1</baseChance>
    <category>ThreatBig</category>
    <pointsScaleable>true</pointsScaleable>
    <tale>Raid</tale>
    <earliestDay>45</earliestDay>
    <minDifficulty>2</minDifficulty>
    <minRefireDays>30</minRefireDays>
    <minThreatPoints>750</minThreatPoints>
    <chanceFactorByPopulationCurve>
      <points>
        <li>(0,0)</li>
        <li>(4,0.5)</li>
        <li>(10,1)</li>
      </points>
    </chanceFactorByPopulationCurve>
  </IncidentDef>

</Defs>