﻿<?xml version="1.0" encoding="utf-8"?>

<Defs>
  <RecipeDef ParentName="SurgeryFlesh">
    <defName>ExtractTapetumLucidum</defName>
    <label>extract tapetum lucidum</label>
    <description>Extract the tapetum lucidum; an organ that lies behind the eye and is responsible for night vision.</description>
    <workerClass>NightVision.ExtractTapetum_RecipeWorker</workerClass>
    <jobString>Extracting tapetum lucidum.</jobString>
    <workAmount>2500</workAmount>
    <skillRequirements>
      <Medicine>7</Medicine>
    </skillRequirements>
    <ingredients>
      <li>
        <filter>
          <categories>
            <li>Medicine</li>
          </categories>
        </filter>
        <count>1</count>
      </li>
    </ingredients>
    <fixedIngredientFilter>
      <categories>
        <li>Medicine</li>
      </categories>
    </fixedIngredientFilter>
    <researchPrerequisite>TapetumImplant</researchPrerequisite>
  </RecipeDef>
  
  
  <RecipeDef ParentName="SurgeryFlesh">
    <defName>NV_InstallTapetum</defName>
    <label>implant retro-reflector</label>
    <description>Implant a retinal retro-reflector</description>
    <workerClass>Recipe_InstallArtificialBodyPart</workerClass>
    <jobString>entering the optic cavity</jobString>
    <workAmount>4500</workAmount>
    <surgerySuccessChanceFactor>0.8</surgerySuccessChanceFactor>
    <deathOnFailedSurgeryChance>0.2</deathOnFailedSurgeryChance>
    <skillRequirements>
      <Medicine>9</Medicine>
    </skillRequirements>
    <ingredients>
      <li>
        <filter>
          <categories>
            <li>Medicine</li>
          </categories>
        </filter>
        <count>3</count>
      </li>
      <li>
        <filter>
          <thingDefs>
            <li>NV_TapetumImplant</li>
          </thingDefs>
        </filter>
        <count>1</count>
      </li>
    </ingredients>
    <fixedIngredientFilter>
      <categories>
        <li>Medicine</li>
      </categories>
    </fixedIngredientFilter>
    <appliedOnFixedBodyParts>
      <li>Eye</li>
    </appliedOnFixedBodyParts>
    <addsHediff>NV_TapetumPart</addsHediff>
  </RecipeDef>
</Defs>