﻿<?xml version="1.0" encoding="utf-8"?>
<Defs>
  <ResearchProjectDef>
    <defName>TapetumImplant</defName>
    <label>Retro-reflector Implant</label>
    <!-- description is appended to at runtime from NightVision.NightVisionDictionaryBuilders.cs-->
    <description>Extract an appropriately sized animal's tapetum lucidum and craft it into an implant suitable for humanoids at the drug lab. 
This eye implant grants the host a large movement speed and work speed bonus while in darkness.
A tapetum lucidum can be bought from some traders, or extracted from:</description>
    <baseCost>400</baseCost>
    <techLevel>Industrial</techLevel>
    <prerequisites>
      <li>DrugProduction</li>
    </prerequisites>
    <researchViewX>3</researchViewX>
    <researchViewY>0.45</researchViewY>


  </ResearchProjectDef>
</Defs>