﻿<?xml version="1.0" encoding="utf-8"?>

<Patch>
  <Operation Class="PatchOperationSequence">
    <success>Always</success>
    <operations>
      <li Class="PatchOperationTest">
        <xpath>Defs/ThoughtDef[defName="EnvironmentDark"]/stages[2]</xpath>
        <success>Invert</success>
      </li>
      <li Class="PatchOperationAdd">
        <xpath>Defs/ThoughtDef[defName="EnvironmentDark"]/stages</xpath>
        <value>
          <li>
            <label>in darkness</label>
            <description>I am the tiger in the forests of the night!</description>
            <baseMoodEffect>5</baseMoodEffect>
          </li>
        </value>
      </li>
    </operations>
  </Operation>
</Patch>